split,reconstruction_loss
train,0.36334943771362305
val,0.6349080801010132
test,1.7034833431243896
