split,reconstruction_loss
train,0.35310256481170654
val,0.6603278517723083
test,1.7114717960357666
