split,reconstruction_loss
train,0.3039626479148865
val,0.7405984997749329
test,1.8342183828353882
