split,reconstruction_loss
train,0.2993707060813904
val,0.6105321049690247
test,1.2047317028045654
